plushie_bunny,"olis stuffed toy, pink robe"
plushie_lobster,lun stuffed toy
plushie_panda,hta stuffed toy
plushie_pink,dits stuffed toy
plushie_teddybear,rcn stuffed toy
plushie_tortoise,waj stuffed toy
scene_canal,shld scene
scene_castle,adl scene
scene_garden,omd scene
scene_sculpture1,gote scene
scene_waterfall,ulf scene
kotomine_kirei,blob anime boy
yuuki_makoto,asar anime boy
abukuma,whoo anime girl
ikamusume,hmv anime girl
tsushima_yoshiko,revs anime girl
Admiral_Piett,sohn man
Bodhi_Rook,cae man
Saw_Gerrera,fck man
Rose_Tico,rune woman
K-2SO,suru robot
felix_vallotton_stroke,rps style
ghibi,pgs style
ghibi_alter,pbc style
impressionism,tvc style
pencil_drawing,gsp style
ukiyo_e,veli style
vladimir_borovikovsky,sura style
